[{"model": "PhonebookApp.person", "pk": 4, "fields": {"name": "Ca\u0142y", "surname": "Wype\u0142niony"}}, {"model": "PhonebookApp.person", "pk": 5, "fields": {"name": "Janek", "surname": "Kasztanek"}}, {"model": "PhonebookApp.person", "pk": 6, "fields": {"name": "Tylko", "surname": "Telefon"}}, {"model": "PhonebookApp.person", "pk": 7, "fields": {"name": "Email", "surname": "Only"}}, {"model": "PhonebookApp.person", "pk": 8, "fields": {"name": "Numer", "surname": "Piec"}}, {"model": "PhonebookApp.person", "pk": 9, "fields": {"name": "Szczesliwa", "surname": "Szostka"}}, {"model": "PhonebookApp.person", "pk": 10, "fields": {"name": "Now", "surname": "You"}}, {"model": "PhonebookApp.person", "pk": 11, "fields": {"name": "Next", "surname": "Fixture"}}, {"model": "PhonebookApp.person", "pk": 12, "fields": {"name": "Next", "surname": "Name"}}, {"model": "PhonebookApp.person", "pk": 13, "fields": {"name": "Find", "surname": "Gogogo"}}, {"model": "PhonebookApp.person", "pk": 14, "fields": {"name": "asdaf", "surname": "zssda"}}, {"model": "PhonebookApp.person", "pk": 15, "fields": {"name": "asda", "surname": "asdasasd"}}, {"model": "PhonebookApp.person", "pk": 16, "fields": {"name": "dfbfdvgd", "surname": "sdgvsd"}}, {"model": "PhonebookApp.person", "pk": 17, "fields": {"name": "sfdgsdfvbssd", "surname": "davaedva"}}, {"model": "PhonebookApp.person", "pk": 18, "fields": {"name": "tylko", "surname": "numer"}}, {"model": "PhonebookApp.person", "pk": 19, "fields": {"name": "hasvd", "surname": "akhsbf"}}, {"model": "PhonebookApp.person", "pk": 20, "fields": {"name": "kajsnfk", "surname": "kajsfndkn"}}, {"model": "PhonebookApp.person", "pk": 21, "fields": {"name": "saedf", "surname": "laenflna"}}, {"model": "PhonebookApp.person", "pk": 22, "fields": {"name": "afsmmj", "surname": "mhasbdfk"}}, {"model": "PhonebookApp.person", "pk": 23, "fields": {"name": "amshbfj", "surname": "msjdbfk"}}, {"model": "PhonebookApp.person", "pk": 24, "fields": {"name": "HbavDBFA", "surname": "SJHBDJKV"}}, {"model": "PhonebookApp.phone", "pk": 4, "fields": {"person": 4, "phone_number": "12345"}}, {"model": "PhonebookApp.phone", "pk": 5, "fields": {"person": 5, "phone_number": "123456789"}}, {"model": "PhonebookApp.phone", "pk": 6, "fields": {"person": 6, "phone_number": "765765765"}}, {"model": "PhonebookApp.phone", "pk": 7, "fields": {"person": 7, "phone_number": null}}, {"model": "PhonebookApp.phone", "pk": 8, "fields": {"person": 8, "phone_number": "666666666"}}, {"model": "PhonebookApp.phone", "pk": 9, "fields": {"person": 9, "phone_number": "78909854324617252651"}}, {"model": "PhonebookApp.phone", "pk": 10, "fields": {"person": 10, "phone_number": "9098766328"}}, {"model": "PhonebookApp.phone", "pk": 11, "fields": {"person": 11, "phone_number": "123654789"}}, {"model": "PhonebookApp.phone", "pk": 12, "fields": {"person": 12, "phone_number": "462717"}}, {"model": "PhonebookApp.phone", "pk": 13, "fields": {"person": 13, "phone_number": "65674165"}}, {"model": "PhonebookApp.phone", "pk": 14, "fields": {"person": 14, "phone_number": null}}, {"model": "PhonebookApp.phone", "pk": 15, "fields": {"person": 15, "phone_number": "61414151"}}, {"model": "PhonebookApp.phone", "pk": 16, "fields": {"person": 16, "phone_number": null}}, {"model": "PhonebookApp.phone", "pk": 17, "fields": {"person": 17, "phone_number": null}}, {"model": "PhonebookApp.phone", "pk": 18, "fields": {"person": 18, "phone_number": null}}, {"model": "PhonebookApp.phone", "pk": 19, "fields": {"person": 19, "phone_number": null}}, {"model": "PhonebookApp.phone", "pk": 20, "fields": {"person": 20, "phone_number": null}}, {"model": "PhonebookApp.phone", "pk": 21, "fields": {"person": 21, "phone_number": "5126525257"}}, {"model": "PhonebookApp.phone", "pk": 22, "fields": {"person": 22, "phone_number": "09754456789"}}, {"model": "PhonebookApp.phone", "pk": 23, "fields": {"person": 23, "phone_number": "r6y234567"}}, {"model": "PhonebookApp.phone", "pk": 24, "fields": {"person": 24, "phone_number": "345678"}}, {"model": "PhonebookApp.email", "pk": 4, "fields": {"person": 4, "email": "email@email.com"}}, {"model": "PhonebookApp.email", "pk": 5, "fields": {"person": 5, "email": "kasztanjan@jan.com"}}, {"model": "PhonebookApp.email", "pk": 6, "fields": {"person": 6, "email": null}}, {"model": "PhonebookApp.email", "pk": 7, "fields": {"person": 7, "email": "emailonly@email.com"}}, {"model": "PhonebookApp.email", "pk": 8, "fields": {"person": 8, "email": "czerwonyjakcegla@rdbrck.com"}}, {"model": "PhonebookApp.email", "pk": 9, "fields": {"person": 9, "email": "numerzadlugi@pl.pl"}}, {"model": "PhonebookApp.email", "pk": 10, "fields": {"person": 10, "email": "cme@pop.kek"}}, {"model": "PhonebookApp.email", "pk": 11, "fields": {"person": 11, "email": null}}, {"model": "PhonebookApp.email", "pk": 12, "fields": {"person": 12, "email": "thecontact@pol.pel"}}, {"model": "PhonebookApp.email", "pk": 13, "fields": {"person": 13, "email": "mlopikju@pl.pl"}}, {"model": "PhonebookApp.email", "pk": 14, "fields": {"person": 14, "email": null}}, {"model": "PhonebookApp.email", "pk": 15, "fields": {"person": 15, "email": "kjasbdkawb@asd.pl"}}, {"model": "PhonebookApp.email", "pk": 16, "fields": {"person": 16, "email": null}}, {"model": "PhonebookApp.email", "pk": 17, "fields": {"person": 17, "email": null}}, {"model": "PhonebookApp.email", "pk": 18, "fields": {"person": 18, "email": "asdasdas@fsas.pla"}}, {"model": "PhonebookApp.email", "pk": 19, "fields": {"person": 19, "email": "kajsfkan@aksd.ok"}}, {"model": "PhonebookApp.email", "pk": 20, "fields": {"person": 20, "email": null}}, {"model": "PhonebookApp.email", "pk": 21, "fields": {"person": 21, "email": "iasjbfhab.asjb@askhbd.pl"}}, {"model": "PhonebookApp.email", "pk": 22, "fields": {"person": 22, "email": "adsjbjabd.habsj@ashb.pl"}}, {"model": "PhonebookApp.email", "pk": 23, "fields": {"person": 23, "email": "jhbasddj@akhsbf.jaad"}}, {"model": "PhonebookApp.email", "pk": 24, "fields": {"person": 24, "email": "kkasbdj@asjb.sas"}}]